Kecamatan,Periode_Idx,Step,Tanggal,PD_Prediksi,Total_Gizi_Kkal,Target_Beras,Target_Daging,Target_Telur,Target_Susu,Target_Sayur,Target_Minyak,Target_Ikan,Target_Buah,Biaya_Harian_IDR,Biaya_Semester_IDR,Jenjang
Binawidya,14,1,2027-07-01,9304,4605480.0,1417.0708,221.063,237.7022,377.4984,921.096,52.0982,460.548,736.8768,111284559.19999999,13354147103.999998,SD
Binawidya,15,2,2027-01-01,9710,4806450.0,1478.9077,230.7096,248.0748,393.9713,961.29,54.3716,480.645,769.032,116140701.7,13936884204.0,SD
Binawidya,16,3,2028-07-01,10072,4985640.0,1534.0431,239.3107,257.3234,408.659,997.128,56.3986,498.564,797.7024,120470560.5,14456467260.0,SD
Binawidya,17,4,2028-01-01,10341,5118795.0,1575.0138,245.7022,264.1959,419.5734,1023.759,57.9049,511.8795,819.0072,123688059.9,14842567188.0,SD
Binawidya,18,5,2029-07-01,10557,5225715.0,1607.9123,250.8343,269.7143,428.3373,1045.143,59.1144,522.5715,836.1144,126271613.60000001,15152593632.000002,SD
Binawidya,19,6,2029-01-01,10717,5304915.0,1632.2815,254.6359,273.8021,434.8291,1060.983,60.0104,530.4915,848.7864,128185366.0,15382243920.0,SD
Bukit Raya,14,1,2027-07-01,10289,5093055.0,1567.0938,244.4666,262.8674,417.4635,1018.611,57.6137,509.3055,814.8888,123066080.3,14767929636.0,SD
Bukit Raya,15,2,2027-01-01,10689,5291055.0,1628.0169,253.9706,273.0867,433.693,1058.211,59.8536,529.1055,846.5688,127850455.39999999,15342054647.999998,SD
Bukit Raya,16,3,2028-07-01,11295,5591025.0,1720.3154,268.3692,288.569,458.2807,1118.205,63.2469,559.1025,894.564,135098787.7,16211854523.999998,SD
Bukit Raya,17,4,2028-01-01,11706,5794470.0,1782.9138,278.1346,299.0694,474.9566,1158.894,65.5483,579.447,927.1152,140014738.60000002,16801768632.000004,SD
Bukit Raya,18,5,2029-07-01,11981,5930595.0,1824.7985,284.6686,306.0952,486.1143,1186.119,67.0882,593.0595,948.8952,143303996.2,17196479544.0,SD
Bukit Raya,19,6,2029-01-01,12126,6002370.0,1846.8831,288.1138,309.7997,491.9975,1200.474,67.9001,600.237,960.3792,145038330.89999998,17404599707.999996,SD
Kulim,14,1,2027-07-01,6000,2970000.0,913.8462,142.56,153.2903,243.4426,594.0,33.5973,297.0,475.2,71765624.8,8611874976.0,SD
Kulim,15,2,2027-01-01,6429,3182355.0,979.1862,152.753,164.2506,260.8488,636.471,35.9995,318.2355,509.1768,76896864.3,9227623716.0,SD
Kulim,16,3,2028-07-01,7202,3564990.0,1096.92,171.1195,183.9995,292.2123,712.998,40.3279,356.499,570.3984,86142669.2,10337120304.0,SD
Kulim,17,4,2028-01-01,7745,3833775.0,1179.6231,184.0212,197.8723,314.2439,766.755,43.3685,383.3775,613.404,92637463.4,11116495608.0,SD
Kulim,18,5,2029-07-01,8389,4152555.0,1277.7092,199.3226,214.3254,340.3734,830.511,46.9746,415.2555,664.4088,100340299.5,12040835940.0,SD
Kulim,19,6,2029-01-01,8936,4423320.0,1361.0215,212.3194,228.3004,362.5672,884.664,50.0376,442.332,707.7312,106882942.5,12825953100.0,SD
Lima Puluh,14,1,2027-07-01,4744,2348280.0,722.5477,112.7174,121.2015,192.482,469.656,26.5643,234.828,375.7248,56742682.9,6809121948.0,SD
Lima Puluh,15,2,2027-01-01,4456,2205720.0,678.6831,105.8746,113.8436,180.7967,441.144,24.9516,220.572,352.9152,53297942.099999994,6395753051.999999,SD
Lima Puluh,16,3,2028-07-01,4028,1993860.0,613.4954,95.7053,102.9089,163.4311,398.772,22.555,199.386,319.0176,48178658.2,5781438984.0,SD
Lima Puluh,17,4,2028-01-01,3696,1829520.0,562.9292,87.817,94.4268,149.9607,365.904,20.6959,182.952,292.7232,44207628.599999994,5304915431.999999,SD
Lima Puluh,18,5,2029-07-01,3309,1637955.0,503.9862,78.6218,84.5396,134.2586,327.591,18.5289,163.7955,262.0728,39578737.5,4749448500.0,SD
Lima Puluh,19,6,2029-01-01,2954,1462230.0,449.9169,70.187,75.4699,119.8549,292.446,16.5411,146.223,233.9568,35332603.5,4239912420.0,SD
Marpoyan Damai,14,1,2027-07-01,13600,6732000.0,2071.3846,323.136,347.4581,551.8033,1346.4,76.1538,673.2,1077.12,162668750.2,19520250024.0,SD
Marpoyan Damai,15,2,2027-01-01,13040,6454800.0,1986.0923,309.8304,333.151,529.082,1290.96,73.0181,645.48,1032.768,155970626.3,18716475156.0,SD
Marpoyan Damai,16,3,2028-07-01,12568,6221160.0,1914.2031,298.6157,321.0921,509.9311,1244.232,70.3751,622.116,995.3856,150325063.1,18039007572.0,SD
Marpoyan Damai,17,4,2028-01-01,12206,6041970.0,1859.0677,290.0146,311.8436,495.2434,1208.394,68.3481,604.197,966.7152,145995207.1,17519424852.0,SD
Marpoyan Damai,18,5,2029-07-01,11907,5893965.0,1813.5277,282.9103,304.2046,483.1119,1178.793,66.6738,589.3965,943.0344,142418879.2,17090265503.999998,SD
Marpoyan Damai,19,6,2029-01-01,11667,5775165.0,1776.9738,277.2079,298.073,473.3742,1155.033,65.3299,577.5165,924.0264,139548253.7,16745790443.999998,SD
Payung Sekaki,14,1,2027-07-01,8105,4011975.0,1234.4538,192.5748,207.0697,328.8504,802.395,45.3843,401.1975,641.916,96943397.5,11633207700.0,SD
Payung Sekaki,15,2,2027-01-01,8354,4135230.0,1272.3785,198.491,213.4312,338.9533,827.046,46.7786,413.523,661.6368,99921666.89999999,11990600027.999998,SD
Payung Sekaki,16,3,2028-07-01,8601,4257495.0,1309.9985,204.3598,219.7417,348.975,851.499,48.1617,425.7495,681.1992,102876029.19999999,12345123503.999998,SD
Payung Sekaki,17,4,2028-01-01,8787,4349565.0,1338.3277,208.7791,224.4937,356.5217,869.913,49.2032,434.9565,695.9304,105100755.19999999,12612090623.999998,SD
Payung Sekaki,18,5,2029-07-01,8943,4426785.0,1362.0877,212.4857,228.4792,362.8512,885.357,50.0768,442.6785,708.2856,106966666.0,12835999920.0,SD
Payung Sekaki,19,6,2029-01-01,9074,4491630.0,1382.04,215.5982,231.8261,368.1664,898.326,50.8103,449.163,718.6608,108533543.2,13024025184.0,SD
Pekanbaru Kota,14,1,2027-07-01,1738,860310.0,264.7108,41.2949,44.4031,70.5172,172.062,9.732,86.031,137.6496,20788111.8,2494573416.0,SD
Pekanbaru Kota,15,2,2027-01-01,1840,910800.0,280.2462,43.7184,47.009,74.6557,182.16,10.3032,91.08,145.728,22008124.6,2640974952.0,SD
Pekanbaru Kota,16,3,2028-07-01,1966,973170.0,299.4369,46.7122,50.2281,79.768,194.634,11.0087,97.317,155.7072,23515205.9,2821824708.0,SD
Pekanbaru Kota,17,4,2028-01-01,2054,1016730.0,312.84,48.803,52.4764,83.3385,203.346,11.5015,101.673,162.6768,24567761.2,2948131344.0,SD
Pekanbaru Kota,18,5,2029-07-01,2134,1056330.0,325.0246,50.7038,54.5203,86.5844,211.266,11.9494,105.633,169.0128,25524635.599999998,3062956271.9999995,SD
Pekanbaru Kota,19,6,2029-01-01,2198,1088010.0,334.7723,52.2245,56.1554,89.1811,217.602,12.3078,108.801,174.0816,26290143.099999998,3154817171.9999995,SD
Rumbai,14,1,2027-07-01,9355,4630725.0,1424.8385,222.2748,239.0052,379.5676,926.145,52.3838,463.0725,740.916,111894572.0,13427348640.0,SD
Rumbai,15,2,2027-01-01,9569,4736655.0,1457.4323,227.3594,244.4725,388.2504,947.331,53.5821,473.6655,757.8648,114454205.8,13734504696.0,SD
Rumbai,16,3,2028-07-01,9790,4846050.0,1491.0923,232.6104,250.1187,397.2172,969.21,54.8196,484.605,775.368,117097577.89999999,14051709347.999998,SD
Rumbai,17,4,2028-01-01,9981,4940595.0,1520.1831,237.1486,254.9985,404.9668,988.119,55.8891,494.0595,790.4952,119382123.8,14325854856.0,SD
Rumbai,18,5,2029-07-01,10156,5027220.0,1546.8369,241.3066,259.4694,412.0672,1005.444,56.869,502.722,804.3552,121475284.7,14577034164.0,SD
Rumbai,19,6,2029-01-01,10315,5105925.0,1571.0538,245.0844,263.5316,418.5184,1021.185,57.7593,510.5925,816.948,123377067.7,14805248124.0,SD
Rumbai Barat,14,1,2027-07-01,2698,1335510.0,410.9262,64.1045,68.9295,109.468,267.102,15.1076,133.551,213.6816,32270610.8,3872473296.0,SD
Rumbai Barat,15,2,2027-01-01,2266,1121670.0,345.1292,53.8402,57.8926,91.9402,224.334,12.6886,112.167,179.4672,27103488.6,3252418632.0,SD
Rumbai Barat,16,3,2028-07-01,1726,854370.0,262.8831,41.0098,44.0965,70.0303,170.874,9.6648,85.437,136.6992,20644581.9,2477349828.0,SD
Rumbai Barat,17,4,2028-01-01,1373,679635.0,209.1185,32.6225,35.0779,55.7078,135.927,7.6882,67.9635,108.7416,16422369.799999999,1970684375.9999998,SD
Rumbai Barat,18,5,2029-07-01,1120,554400.0,170.5846,26.6112,28.6142,45.4426,110.88,6.2715,55.44,88.704,13396249.6,1607549952.0,SD
Rumbai Barat,19,6,2029-01-01,937,463815.0,142.7123,22.2631,23.9388,38.0176,92.763,5.2468,46.3815,74.2104,11207394.8,1344887376.0,SD
Rumbai Timur,14,1,2027-07-01,3518,1741410.0,535.8185,83.5877,89.8792,142.7385,348.282,19.6992,174.141,278.6256,42078579.7,5049429564.0,SD
Rumbai Timur,15,2,2027-01-01,3814,1887930.0,580.9015,90.6206,97.4415,154.7484,377.586,21.3567,188.793,302.0688,45619010.1,5474281212.0,SD
Rumbai Timur,16,3,2028-07-01,4276,2116620.0,651.2677,101.5978,109.2449,173.4934,423.324,23.9437,211.662,338.6592,51144973.300000004,6137396796.000001,SD
Rumbai Timur,17,4,2028-01-01,4566,2260170.0,695.4369,108.4882,116.6539,185.2598,452.034,25.5675,226.017,361.6272,54613642.7,6553637124.0,SD
Rumbai Timur,18,5,2029-07-01,4865,2408175.0,740.9769,115.5924,124.2929,197.3914,481.635,27.2418,240.8175,385.308,58189960.6,6982795272.0,SD
Rumbai Timur,19,6,2029-01-01,5098,2523510.0,776.4646,121.1285,130.2457,206.8451,504.702,28.5465,252.351,403.7616,60976862.6,7317223512.0,SD
Sail,14,1,2027-07-01,3371,1668645.0,513.4292,80.095,86.1236,136.7742,333.729,18.8761,166.8645,266.9832,40320325.1,4838439012.0,SD
Sail,15,2,2027-01-01,3686,1824570.0,561.4062,87.5794,94.1714,149.5549,364.914,20.6399,182.457,291.9312,44088021.4,5290562568.0,SD
Sail,16,3,2028-07-01,4286,2121570.0,652.7908,101.8354,109.5004,173.8992,424.314,23.9997,212.157,339.4512,51264584.800000004,6151750176.000001,SD
Sail,17,4,2028-01-01,4600,2277000.0,700.6154,109.296,117.5226,186.6393,455.4,25.7579,227.7,364.32,55020312.0,6602437440.0,SD
Sail,18,5,2029-07-01,4957,2453715.0,754.9892,117.7783,126.6434,201.1242,490.743,27.757,245.3715,392.5944,59290366.7,7114844004.0,SD
Sail,19,6,2029-01-01,5182,2565090.0,789.2585,123.1243,132.3917,210.2533,513.018,29.0169,256.509,410.4144,61981576.300000004,7437789156.000001,SD
Senapelan,14,1,2027-07-01,4150,2054250.0,632.0769,98.604,106.0258,168.3811,410.85,23.2381,205.425,328.68,49637888.699999996,5956546643.999999,SD
Senapelan,15,2,2027-01-01,4497,2226015.0,684.9277,106.8487,114.8911,182.4602,445.203,25.1812,222.6015,356.1624,53788333.4,6454600008.0,SD
Senapelan,16,3,2028-07-01,4896,2423520.0,745.6985,116.329,125.0849,198.6492,484.704,27.4154,242.352,387.7632,58560755.900000006,7027290708.000001,SD
Senapelan,17,4,2028-01-01,5239,2593305.0,797.94,124.4786,133.848,212.566,518.661,29.336,259.3305,414.9288,62663346.5,7519601580.0,SD
Senapelan,18,5,2029-07-01,5576,2760120.0,849.2677,132.4858,142.4578,226.2393,552.024,31.2231,276.012,441.6192,66694191.699999996,8003303003.999999,SD
Senapelan,19,6,2029-01-01,5911,2925945.0,900.2908,140.4454,151.0165,239.8316,585.189,33.0989,292.5945,468.1512,70701106.7,8484132804.0,SD
Sukajadi,14,1,2027-07-01,3957,1958715.0,602.6815,94.0183,101.095,160.5504,391.743,22.1574,195.8715,313.3944,47329427.2,5679531264.0,SD
Sukajadi,15,2,2027-01-01,3799,1880505.0,578.6169,90.2642,97.0583,154.1398,376.101,21.2727,188.0505,300.8808,45439597.0,5452751640.0,SD
Sukajadi,16,3,2028-07-01,3623,1793385.0,551.8108,86.0825,92.5618,146.9988,358.677,20.2872,179.3385,286.9416,43334480.5,5200137660.0,SD
Sukajadi,17,4,2028-01-01,3510,1737450.0,534.6,83.3976,89.6748,142.4139,347.49,19.6544,173.745,277.992,41982888.599999994,5037946631.999999,SD
Sukajadi,18,5,2029-07-01,3417,1691415.0,520.4354,81.1879,87.2988,138.6406,338.283,19.1337,169.1415,270.6264,40870521.5,4904462580.0,SD
Sukajadi,19,6,2029-01-01,3349,1657755.0,510.0785,79.5722,85.5615,135.8816,331.551,18.7529,165.7755,265.2408,40057175.199999996,4806861023.999999,SD
Tenayan Raya,14,1,2027-07-01,10811,5351445.0,1646.5985,256.8694,276.2036,438.643,1070.289,60.5367,535.1445,856.2312,129309699.39999999,15517163927.999998,SD
Tenayan Raya,15,2,2027-01-01,11246,5566770.0,1712.8523,267.205,287.3172,456.2926,1113.354,62.9725,556.677,890.6832,134512708.1,16141524972.0,SD
Tenayan Raya,16,3,2028-07-01,11656,5769720.0,1775.2985,276.9466,297.792,472.9279,1153.944,65.2683,576.972,923.1552,139416692.9,16730003148.0,SD
Tenayan Raya,17,4,2028-01-01,11874,5877630.0,1808.5015,282.1262,303.3615,481.773,1175.526,66.489,587.763,940.4208,142024165.5,17042899860.0,SD
Tenayan Raya,18,5,2029-07-01,12009,5944455.0,1829.0631,285.3338,306.8106,487.2504,1188.891,67.245,594.4455,951.1128,143638894.8,17236667376.0,SD
Tenayan Raya,19,6,2029-01-01,12085,5982075.0,1840.6385,287.1396,308.7523,490.334,1196.415,67.6705,598.2075,957.132,144547930.4,17345751648.0,SD
Tuahmadani,14,1,2027-07-01,16148,7993260.0,2459.4646,383.6765,412.5554,655.1852,1598.652,90.4215,799.326,1278.9216,193145221.2,23177426544.0,SD
Tuahmadani,15,2,2027-01-01,14709,7280955.0,2240.2938,349.4858,375.7912,596.7996,1456.191,82.3637,728.0955,1164.9528,175933422.7,21112010724.0,SD
Tuahmadani,16,3,2028-07-01,13799,6830505.0,2101.6938,327.8642,352.5422,559.8775,1366.101,77.2682,683.0505,1092.8808,165048972.7,19805876724.0,SD
Tuahmadani,17,4,2028-01-01,13297,6582015.0,2025.2354,315.9367,339.7169,539.5094,1316.403,74.4572,658.2015,1053.1224,159044583.3,19085349996.0,SD
Tuahmadani,18,5,2029-07-01,13012,6440940.0,1981.8277,309.1651,332.4356,527.9459,1288.188,72.8613,644.094,1030.5504,155635715.70000002,18676285884.000004,SD
Tuahmadani,19,6,2029-01-01,12852,6361740.0,1957.4585,305.3635,328.3479,521.4541,1272.348,71.9654,636.174,1017.8784,153721967.9,18446636148.0,SD
Binawidya,14,1,2027-07-01,4949,3192105.0,982.1862,153.221,164.7538,261.648,638.421,36.1098,319.2105,510.7368,77132458.3,9255894996.0,SMP
Binawidya,15,2,2027-01-01,4743,3059235.0,941.3031,146.8433,157.896,250.757,611.847,34.6067,305.9235,489.4776,73921858.6,8870623032.0,SMP
Binawidya,16,3,2028-07-01,4598,2965710.0,912.5262,142.3541,153.0689,243.091,593.142,33.5488,296.571,474.5136,71661967.6,8599436112.0,SMP
Binawidya,17,4,2028-01-01,4532,2923140.0,899.4277,140.3107,150.8717,239.6016,584.628,33.0672,292.314,467.7024,70633318.7,8475998244.0,SMP
Binawidya,18,5,2029-07-01,4495,2899275.0,892.0846,139.1652,149.64,237.6455,579.855,32.7972,289.9275,463.884,70056660.1,8406799211.999999,SMP
Binawidya,19,6,2029-01-01,4477,2887665.0,888.5123,138.6079,149.0408,236.6939,577.533,32.6659,288.7665,462.0264,69776121.6,8373134591.999999,SMP
Bukit Raya,14,1,2027-07-01,3168,2043360.0,628.7262,98.0813,105.4637,167.4885,408.672,23.1149,204.336,326.9376,49374750.800000004,5924970096.000001,SMP
Bukit Raya,15,2,2027-01-01,3207,2068515.0,636.4662,99.2887,106.7621,169.5504,413.703,23.3995,206.8515,330.9624,49982582.3,5997909876.0,SMP
Bukit Raya,16,3,2028-07-01,3321,2142045.0,659.0908,102.8182,110.5572,175.5775,428.409,24.2313,214.2045,342.7272,51759333.5,6211120020.0,SMP
Bukit Raya,17,4,2028-01-01,3421,2206545.0,678.9369,105.9142,113.8862,180.8643,441.309,24.9609,220.6545,353.0472,53317875.800000004,6398145096.000001,SMP
Bukit Raya,18,5,2029-07-01,3575,2305875.0,709.5,110.682,119.0129,189.0061,461.175,26.0846,230.5875,368.94,55718033.5,6686164020.0,SMP
Bukit Raya,19,6,2029-01-01,3738,2411010.0,741.8492,115.7285,124.4392,197.6238,482.202,27.2739,241.101,385.7616,58258466.800000004,6991016016.000001,SMP
Kulim,14,1,2027-07-01,899,579855.0,178.4169,27.833,29.928,47.5291,115.971,6.5594,57.9855,92.7768,14011326.2,1681359144.0,SMP
Kulim,15,2,2027-01-01,888,572760.0,176.2338,27.4925,29.5618,46.9475,114.552,6.4792,57.276,91.6416,13839893.0,1660787160.0,SMP
Kulim,16,3,2028-07-01,863,556635.0,171.2723,26.7185,28.7295,45.6258,111.327,6.2968,55.6635,89.0616,13450256.4,1614030768.0,SMP
Kulim,17,4,2028-01-01,850,548250.0,168.6923,26.316,28.2968,44.9385,109.65,6.2019,54.825,87.72,13247644.1,1589717292.0,SMP
Kulim,18,5,2029-07-01,830,535350.0,164.7231,25.6968,27.631,43.8811,107.07,6.056,53.535,85.656,12935935.5,1552312260.0,SMP
Kulim,19,6,2029-01-01,817,526965.0,162.1431,25.2943,27.1982,43.1939,105.393,5.9611,52.6965,84.3144,12733322.4,1527998688.0,SMP
Lima Puluh,14,1,2027-07-01,4041,2606445.0,801.9831,125.1094,134.5262,213.643,521.289,29.4847,260.6445,417.0312,62980865.2,7557703824.0,SMP
Lima Puluh,15,2,2027-01-01,4075,2628375.0,808.7308,126.162,135.6581,215.4406,525.675,29.7327,262.8375,420.54,63510766.9,7621292028.0,SMP
Lima Puluh,16,3,2028-07-01,4135,2667075.0,820.6385,128.0196,137.6555,218.6127,533.415,30.1705,266.7075,426.732,64445894.0,7733507280.0,SMP
Lima Puluh,17,4,2028-01-01,4163,2685135.0,826.1954,128.8865,138.5876,220.093,537.027,30.3748,268.5135,429.6216,64882287.699999996,7785874523.999999,SMP
Lima Puluh,18,5,2029-07-01,4190,2702550.0,831.5538,129.7224,139.4865,221.5205,540.51,30.5718,270.255,432.408,65303094.4,7836371328.0,SMP
Lima Puluh,19,6,2029-01-01,4207,2713515.0,834.9277,130.2487,140.0524,222.4193,542.703,30.6959,271.3515,434.1624,65568046.400000006,7868165568.000001,SMP
Marpoyan Damai,14,1,2027-07-01,4728,3049560.0,938.3262,146.3789,157.3966,249.9639,609.912,34.4973,304.956,487.9296,73688075.19999999,8842569023.999998,SMP
Marpoyan Damai,15,2,2027-01-01,4541,2928945.0,901.2138,140.5894,151.1714,240.0775,585.789,33.1329,292.8945,468.6312,70773598.9,8492831868.000001,SMP
Marpoyan Damai,16,3,2028-07-01,4402,2839290.0,873.6277,136.2859,146.544,232.7287,567.858,32.1187,283.929,454.2864,68607211.1,8232865331.999999,SMP
Marpoyan Damai,17,4,2028-01-01,4328,2791560.0,858.9415,133.9949,144.0805,228.8164,558.312,31.5787,279.156,446.6496,67453889.1,8094466691.999999,SMP
Marpoyan Damai,18,5,2029-07-01,4283,2762535.0,850.0108,132.6017,142.5825,226.4373,552.507,31.2504,276.2535,442.0056,66752546.7,8010305604.0,SMP
Marpoyan Damai,19,6,2029-01-01,4258,2746410.0,845.0492,131.8277,141.7502,225.1156,549.282,31.068,274.641,439.4256,66362908.6,7963549032.0,SMP
Payung Sekaki,14,1,2027-07-01,3851,2483895.0,764.2754,119.227,128.201,203.598,496.779,28.0984,248.3895,397.4232,60019627.7,7202355324.0,SMP
Payung Sekaki,15,2,2027-01-01,3961,2554845.0,786.1062,122.6326,131.863,209.4135,510.969,28.901,255.4845,408.7752,61734029.5,7408083540.0,SMP
Payung Sekaki,16,3,2028-07-01,4069,2624505.0,807.54,125.9762,135.4583,215.1234,524.901,29.689,262.4505,419.9208,63417248.9,7610069868.0,SMP
Payung Sekaki,17,4,2028-01-01,4137,2668365.0,821.0354,128.0815,137.7221,218.7184,533.673,30.1851,266.8365,426.9384,64477062.099999994,7737247451.999999,SMP
Payung Sekaki,18,5,2029-07-01,4185,2699325.0,830.5615,129.5676,139.32,221.2561,539.865,30.5354,269.9325,431.892,65225166.2,7827019944.0,SMP
Payung Sekaki,19,6,2029-01-01,4213,2717385.0,836.1185,130.4345,140.2521,222.7365,543.477,30.7396,271.7385,434.7816,65661561.599999994,7879387391.999999,SMP
Pekanbaru Kota,14,1,2027-07-01,0,0.0,0.0,0.0,0.0,0.0,0.0,0.0,0.0,0.0,0.0,0.0,SMP
Pekanbaru Kota,15,2,2027-01-01,0,0.0,0.0,0.0,0.0,0.0,0.0,0.0,0.0,0.0,0.0,0.0,SMP
Pekanbaru Kota,16,3,2028-07-01,0,0.0,0.0,0.0,0.0,0.0,0.0,0.0,0.0,0.0,0.0,0.0,SMP
Pekanbaru Kota,17,4,2028-01-01,0,0.0,0.0,0.0,0.0,0.0,0.0,0.0,0.0,0.0,0.0,0.0,SMP
Pekanbaru Kota,18,5,2029-07-01,0,0.0,0.0,0.0,0.0,0.0,0.0,0.0,0.0,0.0,0.0,0.0,SMP
Pekanbaru Kota,19,6,2029-01-01,0,0.0,0.0,0.0,0.0,0.0,0.0,0.0,0.0,0.0,0.0,0.0,SMP
Rumbai,14,1,2027-07-01,2976,1919520.0,590.6215,92.137,99.072,157.3377,383.904,21.714,191.952,307.1232,46382344.5,5565881340.0,SMP
Rumbai,15,2,2027-01-01,3068,1978860.0,608.88,94.9853,102.1347,162.2016,395.772,22.3853,197.886,316.6176,47816205.0,5737944600.0,SMP
Rumbai,16,3,2028-07-01,3200,2064000.0,635.0769,99.072,106.529,169.1803,412.8,23.3484,206.4,330.24,49873482.7,5984817924.0,SMP
Rumbai,17,4,2028-01-01,3351,2161395.0,665.0446,103.747,111.5559,177.1635,432.279,24.4502,216.1395,345.8232,52226895.300000004,6267227436.000001,SMP
Rumbai,18,5,2029-07-01,3532,2278140.0,700.9662,109.3507,117.5814,186.7328,455.628,25.7708,227.814,364.5024,55047856.6,6605742792.0,SMP
Rumbai,19,6,2029-01-01,3693,2381985.0,732.9185,114.3353,122.9412,195.2447,476.397,26.9455,238.1985,381.1176,57557122.6,6906854712.0,SMP
Rumbai Barat,14,1,2027-07-01,861,555345.0,170.8754,26.6566,28.663,45.5201,111.069,6.2822,55.5345,88.8552,13419091.1,1610290932.0,SMP
Rumbai Barat,15,2,2027-01-01,761,490845.0,151.0292,23.5606,25.3339,40.2332,98.169,5.5525,49.0845,78.5352,11860540.7,1423264884.0,SMP
Rumbai Barat,16,3,2028-07-01,572,368940.0,113.52,17.7091,19.0421,30.241,73.788,4.1735,36.894,59.0304,8914883.8,1069786056.0000001,SMP
Rumbai Barat,17,4,2028-01-01,464,299280.0,92.0862,14.3654,15.4467,24.5311,59.856,3.3855,29.928,47.8848,7231649.6,867797952.0,SMP
Rumbai Barat,18,5,2029-07-01,330,212850.0,65.4923,10.2168,10.9858,17.4467,42.57,2.4078,21.285,34.056,5143202.3,617184276.0,SMP
Rumbai Barat,19,6,2029-01-01,232,149640.0,46.0431,7.1827,7.7234,12.2656,29.928,1.6928,14.964,23.9424,3615828.1,433899372.0,SMP
Rumbai Timur,14,1,2027-07-01,1101,710145.0,218.5062,34.087,36.6526,58.2086,142.029,8.0333,71.0145,113.6232,17159599.700000003,2059151964.0000005,SMP
Rumbai Timur,15,2,2027-01-01,1095,706275.0,217.3154,33.9012,36.4529,57.8914,141.255,7.9895,70.6275,113.004,17066082.7,2047929924.0,SMP
Rumbai Timur,16,3,2028-07-01,1093,704985.0,216.9185,33.8393,36.3863,57.7857,140.997,7.9749,70.4985,112.7976,17034914.6,2044189752.0000002,SMP
Rumbai Timur,17,4,2028-01-01,1089,702405.0,216.1246,33.7154,36.2532,57.5742,140.481,7.9458,70.2405,112.3848,16972567.5,2036708100.0,SMP
Rumbai Timur,18,5,2029-07-01,1087,701115.0,215.7277,33.6535,36.1866,57.4684,140.223,7.9312,70.1115,112.1784,16941397.4,2032967687.9999998,SMP
Rumbai Timur,19,6,2029-01-01,1084,699180.0,215.1323,33.5606,36.0867,57.3098,139.836,7.9093,69.918,111.8688,16894637.5,2027356500.0,SMP
Sail,14,1,2027-07-01,1050,677250.0,208.3846,32.508,34.9548,55.5123,135.45,7.6612,67.725,108.36,16364736.0,1963768320.0,SMP
Sail,15,2,2027-01-01,1053,679185.0,208.98,32.6009,35.0547,55.6709,135.837,7.6831,67.9185,108.6696,16411495.9,1969379508.0,SMP
Sail,16,3,2028-07-01,1072,691440.0,212.7508,33.1891,35.6872,56.6754,138.288,7.8217,69.144,110.6304,16707614.2,2004913704.0,SMP
Sail,17,4,2028-01-01,1079,695955.0,214.14,33.4058,35.9203,57.0455,139.191,7.8728,69.5955,111.3528,16816712.3,2018005476.0,SMP
Sail,18,5,2029-07-01,1092,704340.0,216.72,33.8083,36.353,57.7328,140.868,7.9676,70.434,112.6944,17019322.8,2042318736.0,SMP
Sail,19,6,2029-01-01,1099,708855.0,218.1092,34.025,36.5861,58.1029,141.771,8.0187,70.8855,113.4168,17128420.9,2055410507.9999998,SMP
Senapelan,14,1,2027-07-01,1723,1111335.0,341.9492,53.3441,57.3592,91.093,222.267,12.5717,111.1335,177.8136,26853755.700000003,3222450684.0000005,SMP
Senapelan,15,2,2027-01-01,1700,1096500.0,337.3846,52.632,56.5935,89.877,219.3,12.4038,109.65,175.44,26495285.4,3179434248.0,SMP
Senapelan,16,3,2028-07-01,1656,1068120.0,328.6523,51.2698,55.1288,87.5508,213.624,12.0828,106.812,170.8992,25809533.299999997,3097143995.9999995,SMP
Senapelan,17,4,2028-01-01,1627,1049415.0,322.8969,50.3719,54.1634,86.0176,209.883,11.8712,104.9415,167.9064,25357547.8,3042905736.0,SMP
Senapelan,18,5,2029-07-01,1591,1026195.0,315.7523,49.2574,52.9649,84.1143,205.239,11.6085,102.6195,164.1912,24796476.2,2975577144.0,SMP
Senapelan,19,6,2029-01-01,1561,1006845.0,309.7985,48.3286,51.9662,82.5283,201.369,11.3896,100.6845,161.0952,24328914.4,2919469728.0,SMP
Sukajadi,14,1,2027-07-01,2905,1873725.0,576.5308,89.9388,96.7084,153.584,374.745,21.196,187.3725,299.796,45275773.7,5433092844.0,SMP
Sukajadi,15,2,2027-01-01,2939,1895655.0,583.2785,90.9914,97.8403,155.3816,379.131,21.4441,189.5655,303.3048,45805677.199999996,5496681263.999999,SMP
Sukajadi,16,3,2028-07-01,2997,1933065.0,594.7892,92.7871,99.7711,158.448,386.613,21.8673,193.3065,309.2904,46709634.7,5605156164.0,SMP
Sukajadi,17,4,2028-01-01,3049,1966605.0,605.1092,94.397,101.5022,161.1971,393.321,22.2467,196.6605,314.6568,47520074.7,5702408964.0,SMP
Sukajadi,18,5,2029-07-01,3107,2004015.0,616.62,96.1927,103.433,164.2635,400.803,22.6699,200.4015,320.6424,48424033.7,5810884044.0,SMP
Sukajadi,19,6,2029-01-01,3155,2034975.0,626.1462,97.6788,105.031,166.8012,406.995,23.0201,203.4975,325.596,49172140.3,5900656836.0,SMP
Tenayan Raya,14,1,2027-07-01,3908,2520660.0,775.5877,120.9917,130.0986,206.6115,504.132,28.5143,252.066,403.3056,60907997.699999996,7308959723.999999,SMP
Tenayan Raya,15,2,2027-01-01,3988,2572260.0,791.4646,123.4685,132.7618,210.841,514.452,29.098,257.226,411.5616,62154833.4,7458580008.0,SMP
Tenayan Raya,16,3,2028-07-01,4079,2630955.0,809.5246,126.2858,135.7912,215.652,526.191,29.7619,263.0955,420.9528,63573100.300000004,7628772036.000001,SMP
Tenayan Raya,17,4,2028-01-01,4119,2656755.0,817.4631,127.5242,137.1228,217.7668,531.351,30.0538,265.6755,425.0808,64196520.8,7703582496.0,SMP
Tenayan Raya,18,5,2029-07-01,4148,2675460.0,823.2185,128.4221,138.0883,219.3,535.092,30.2654,267.546,428.0736,64648509.1,7757821092.0,SMP
Tenayan Raya,19,6,2029-01-01,4165,2686425.0,826.5923,128.9484,138.6542,220.1988,537.285,30.3894,268.6425,429.828,64913457.800000004,7789614936.000001,SMP
Tuahmadani,14,1,2027-07-01,4546,2932170.0,902.2062,140.7442,151.3378,240.3418,586.434,33.1693,293.217,469.1472,70851523.8,8502182856.0,SMP
Tuahmadani,15,2,2027-01-01,4456,2874120.0,884.3446,137.9578,148.3417,235.5836,574.824,32.5127,287.412,459.8592,69448833.2,8333859984.0,SMP
Tuahmadani,16,3,2028-07-01,4387,2829615.0,870.6508,135.8215,146.0446,231.9357,565.923,32.0092,282.9615,452.7384,68373427.9,8204811348.000001,SMP
Tuahmadani,17,4,2028-01-01,4346,2803170.0,862.5138,134.5522,144.6797,229.768,560.634,31.7101,280.317,448.5072,67734429.4,8128131528.000001,SMP
Tuahmadani,18,5,2029-07-01,4317,2784465.0,856.7585,133.6543,143.7143,228.2348,556.893,31.4985,278.4465,445.5144,67282445.4,8073893448.000001,SMP
Tuahmadani,19,6,2029-01-01,4297,2771565.0,852.7892,133.0351,143.0485,227.1775,554.313,31.3525,277.1565,443.4504,66970735.5,8036488260.0,SMP
Binawidya,14,1,2027-07-01,1107,788737.5,242.6885,37.8594,40.709,64.6506,157.7475,8.9224,78.8738,126.198,19058668.2,2287040184.0,SMA
Binawidya,15,2,2027-01-01,1113,793012.5,244.0038,38.0646,40.9297,65.001,158.6025,8.9707,79.3012,126.882,19161962.7,2299435524.0,SMA
Binawidya,16,3,2028-07-01,1120,798000.0,245.5385,38.304,41.1871,65.4098,159.6,9.0271,79.8,127.68,19282480.1,2313897612.0,SMA
Binawidya,17,4,2028-01-01,1124,800850.0,246.4154,38.4408,41.3342,65.6434,160.17,9.0594,80.085,128.136,19351346.799999997,2322161615.9999995,SMA
Binawidya,18,5,2029-07-01,1127,802987.5,247.0731,38.5434,41.4445,65.8186,160.5975,9.0836,80.2988,128.478,19402997.8,2328359736.0,SMA
Binawidya,19,6,2029-01-01,1129,804412.5,247.5115,38.6118,41.5181,65.9355,160.8825,9.0997,80.4412,128.706,19437429.4,2332491528.0,SMA
Bukit Raya,14,1,2027-07-01,1197,852862.5,262.4192,40.9374,44.0187,69.9068,170.5725,9.6478,85.2862,136.458,20608150.5,2472978060.0,SMA
Bukit Raya,15,2,2027-01-01,1169,832912.5,256.2808,39.9798,42.989,68.2715,166.5825,9.4221,83.2912,133.266,20126087.3,2415130476.0,SMA
Bukit Raya,16,3,2028-07-01,1151,820087.5,252.3346,39.3642,42.3271,67.2203,164.0175,9.277,82.0088,131.214,19816194.3,2377943316.0,SMA
Bukit Raya,17,4,2028-01-01,1143,814387.5,250.5808,39.0906,42.0329,66.7531,162.8775,9.2125,81.4388,130.302,19678462.7,2361415524.0,SMA
Bukit Raya,18,5,2029-07-01,1139,811537.5,249.7038,38.9538,41.8858,66.5195,162.3075,9.1803,81.1538,129.846,19609596.3,2353151556.0,SMA
Bukit Raya,19,6,2029-01-01,1137,810112.5,249.2654,38.8854,41.8123,66.4027,162.0225,9.1642,81.0112,129.618,19575162.5,2349019500.0,SMA
Lima Puluh,14,1,2027-07-01,663,472387.5,145.35,22.6746,24.3813,38.7203,94.4775,5.3438,47.2388,75.582,11414543.3,1369745196.0,SMA
Lima Puluh,15,2,2027-01-01,709,505162.5,155.4346,24.2478,26.0729,41.4068,101.0325,5.7145,50.5162,80.826,12206497.7,1464779724.0,SMA
Lima Puluh,16,3,2028-07-01,755,537937.5,165.5192,25.821,27.7645,44.0932,107.5875,6.0853,53.7938,86.07,12998458.9,1559815068.0,SMA
Lima Puluh,17,4,2028-01-01,781,556462.5,171.2192,26.7102,28.7206,45.6117,111.2925,6.2948,55.6462,89.034,13446083.700000001,1613530044.0000002,SMA
Lima Puluh,18,5,2029-07-01,798,568575.0,174.9462,27.2916,29.3458,46.6045,113.715,6.4318,56.8575,90.972,13738767.3,1648652076.0,SMA
Lima Puluh,19,6,2029-01-01,808,575700.0,177.1385,27.6336,29.7135,47.1885,115.14,6.5124,57.57,92.112,13910930.7,1669311684.0,SMA
Marpoyan Damai,14,1,2027-07-01,561,399712.5,122.9885,19.1862,20.6303,32.7633,79.9425,4.5216,39.9712,63.954,9658454.2,1159014504.0,SMA
Marpoyan Damai,15,2,2027-01-01,572,407550.0,125.4,19.5624,21.0348,33.4057,81.51,4.6103,40.755,65.208,9847836.8,1181740416.0,SMA
Marpoyan Damai,16,3,2028-07-01,579,412537.5,126.9346,19.8018,21.2923,33.8145,82.5075,4.6667,41.2537,66.006,9968352.0,1196202240.0,SMA
Marpoyan Damai,17,4,2028-01-01,586,417525.0,128.4692,20.0412,21.5497,34.2234,83.505,4.7231,41.7525,66.804,10088869.899999999,1210664387.9999998,SMA
Marpoyan Damai,18,5,2029-07-01,592,421800.0,129.7846,20.2464,21.7703,34.5738,84.36,4.7715,42.18,67.488,10192168.4,1223060208.0,SMA
Marpoyan Damai,19,6,2029-01-01,598,426075.0,131.1,20.4516,21.991,34.9242,85.215,4.8199,42.6075,68.172,10295469.7,1235456364.0,SMA
Payung Sekaki,14,1,2027-07-01,2014,1434975.0,441.5308,68.8788,74.0632,117.6209,286.995,16.2327,143.4975,229.596,34674031.7,4160883804.0000005,SMA
Payung Sekaki,15,2,2027-01-01,1902,1355175.0,416.9769,65.0484,69.9445,111.0799,271.035,15.33,135.5175,216.828,32745783.0,3929493960.0,SMA
Payung Sekaki,16,3,2028-07-01,1794,1278225.0,393.3,61.3548,65.9729,104.7725,255.645,14.4596,127.8225,204.516,30886402.5,3706368300.0,SMA
Payung Sekaki,17,4,2028-01-01,1741,1240462.5,381.6808,59.5422,64.0239,101.6773,248.0925,14.0324,124.0462,198.474,29973928.9,3596871468.0,SMA
Payung Sekaki,18,5,2029-07-01,1705,1214812.5,373.7885,58.311,62.7,99.5748,242.9625,13.7422,121.4812,194.37,29354132.6,3522495912.0,SMA
Payung Sekaki,19,6,2029-01-01,1682,1198425.0,368.7462,57.5244,61.8542,98.2316,239.685,13.5568,119.8425,191.748,28958155.5,3474978660.0,SMA
Pekanbaru Kota,14,1,2027-07-01,300,213750.0,65.7692,10.26,11.0323,17.5205,42.75,2.418,21.375,34.2,5164951.4,619794168.0,SMA
Pekanbaru Kota,15,2,2027-01-01,429,305662.5,94.05,14.6718,15.7761,25.0543,61.1325,3.4577,30.5662,48.906,7385875.899999999,886305107.9999999,SMA
Pekanbaru Kota,16,3,2028-07-01,612,436050.0,134.1692,20.9304,22.5058,35.7418,87.21,4.9327,43.605,69.768,10536498.0,1264379760.0,SMA
Pekanbaru Kota,17,4,2028-01-01,742,528675.0,162.6692,25.3764,27.2865,43.334,105.735,5.9805,52.8675,84.588,12774644.5,1532957340.0,SMA
Pekanbaru Kota,18,5,2029-07-01,863,614887.5,189.1962,29.5146,31.7361,50.4006,122.9775,6.9557,61.4888,98.382,14857840.9,1782940908.0,SMA
Pekanbaru Kota,19,6,2029-01-01,946,674025.0,207.3923,32.3532,34.7884,55.248,134.805,7.6247,67.4025,107.844,16286810.799999999,1954417295.9999998,SMA
Rumbai,14,1,2027-07-01,1623,1156387.5,355.8115,55.5066,59.6845,94.7859,231.2775,13.0813,115.6388,185.022,27942382.4,3353085888.0,SMA
Rumbai,15,2,2027-01-01,1590,1132875.0,348.5769,54.378,58.471,92.8586,226.575,12.8153,113.2875,181.26,27374236.4,3284908368.0,SMA
Rumbai,16,3,2028-07-01,1560,1111500.0,342.0,53.352,57.3677,91.1066,222.3,12.5735,111.15,177.84,26857740.6,3222928872.0,SMA
Rumbai,17,4,2028-01-01,1540,1097250.0,337.6154,52.668,56.6323,89.9385,219.45,12.4123,109.725,175.56,26513411.799999997,3181609415.9999995,SMA
Rumbai,18,5,2029-07-01,1525,1086562.5,334.3269,52.155,56.0806,89.0625,217.3125,12.2914,108.6562,173.85,26255160.0,3150619200.0,SMA
Rumbai,19,6,2029-01-01,1514,1078725.0,331.9154,51.7788,55.6761,88.4201,215.745,12.2028,107.8725,172.596,26065782.7,3127893924.0,SMA
Rumbai Timur,14,1,2027-07-01,591,421087.5,129.5654,20.2122,21.7335,34.5154,84.2175,4.7634,42.1088,67.374,10174952.7,1220994324.0,SMA
Rumbai Timur,15,2,2027-01-01,581,413962.5,127.3731,19.8702,21.3658,33.9314,82.7925,4.6828,41.3962,66.234,10002785.8,1200334296.0,SMA
Rumbai Timur,16,3,2028-07-01,569,405412.5,124.7423,19.4598,20.9245,33.2305,81.0825,4.5861,40.5412,64.866,9796185.8,1175542296.0,SMA
Rumbai Timur,17,4,2028-01-01,559,398287.5,122.55,19.1178,20.5568,32.6465,79.6575,4.5055,39.8288,63.726,9624025.9,1154883108.0,SMA
Rumbai Timur,18,5,2029-07-01,550,391875.0,120.5769,18.81,20.2258,32.1209,78.375,4.433,39.1875,62.7,9469075.4,1136289048.0,SMA
Rumbai Timur,19,6,2029-01-01,542,386175.0,118.8231,18.5364,19.9316,31.6537,77.235,4.3685,38.6175,61.788,9331343.8,1119761256.0,SMA
Sail,14,1,2027-07-01,1193,850012.5,261.5423,40.8006,43.8716,69.6732,170.0025,9.6155,85.0012,136.002,20539283.8,2464714056.0,SMA
Sail,15,2,2027-01-01,1168,832200.0,256.0615,39.9456,42.9523,68.2131,166.44,9.414,83.22,133.152,20108872.9,2413064748.0,SMA
Sail,16,3,2028-07-01,1147,817237.5,251.4577,39.2274,42.18,66.9867,163.4475,9.2448,81.7238,130.758,19747329.400000002,2369679528.0000005,SMA
Sail,17,4,2028-01-01,1132,806550.0,248.1692,38.7144,41.6284,66.1107,161.31,9.1239,80.655,129.048,19489080.4,2338689648.0,SMA
Sail,18,5,2029-07-01,1120,798000.0,245.5385,38.304,41.1871,65.4098,159.6,9.0271,79.8,127.68,19282480.1,2313897612.0,SMA
Sail,19,6,2029-01-01,1111,791587.5,243.5654,37.9962,40.8561,64.8842,158.3175,8.9546,79.1588,126.654,19127533.1,2295303972.0,SMA
Senapelan,14,1,2027-07-01,1036,738150.0,227.1231,35.4312,38.0981,60.5041,147.63,8.3501,73.815,118.104,17836296.1,2140355532.0000002,SMA
Senapelan,15,2,2027-01-01,1022,728175.0,224.0538,34.9524,37.5832,59.6865,145.635,8.2373,72.8175,116.508,17595263.5,2111431620.0,SMA
Senapelan,16,3,2028-07-01,1004,715350.0,220.1077,34.3368,36.9213,58.6352,143.07,8.0922,71.535,114.456,17285366.5,2074243980.0,SMA
Senapelan,17,4,2028-01-01,996,709650.0,218.3538,34.0632,36.6271,58.168,141.93,8.0277,70.965,113.544,17147633.4,2057716007.9999998,SMA
Senapelan,18,5,2029-07-01,989,704662.5,216.8192,33.8238,36.3697,57.7592,140.9325,7.9713,70.4662,112.746,17027117.5,2043254100.0,SMA
Senapelan,19,6,2029-01-01,985,701812.5,215.9423,33.687,36.2226,57.5256,140.3625,7.9391,70.1812,112.29,16958252.6,2034990312.0000002,SMA
Sukajadi,14,1,2027-07-01,1376,980400.0,301.6615,47.0592,50.6013,80.3607,196.08,11.0905,98.04,156.864,23689905.9,2842788708.0,SMA
Sukajadi,15,2,2027-01-01,1343,956887.5,294.4269,45.9306,49.3877,78.4334,191.3775,10.8245,95.6888,153.102,23121760.6,2774611272.0,SMA
Sukajadi,16,3,2028-07-01,1315,936937.5,288.2885,44.973,48.3581,76.7982,187.3875,10.5988,93.6938,149.91,22639702.200000003,2716764264.0000005,SMA
Sukajadi,17,4,2028-01-01,1297,924112.5,284.3423,44.3574,47.6961,75.7469,184.8225,10.4538,92.4112,147.858,22329799.200000003,2679575904.0000005,SMA
Sukajadi,18,5,2029-07-01,1283,914137.5,281.2731,43.8786,47.1813,74.9293,182.8275,10.3409,91.4137,146.262,22088769.1,2650652292.0,SMA
Sukajadi,19,6,2029-01-01,1273,907012.5,279.0808,43.5366,46.8135,74.3453,181.4025,10.2603,90.7012,145.122,21916602.9,2629992348.0,SMA
Tenayan Raya,14,1,2027-07-01,752,535800.0,164.8615,25.7184,27.6542,43.918,107.16,6.0611,53.58,85.728,12946807.9,1553616948.0,SMA
Tenayan Raya,15,2,2027-01-01,989,704662.5,216.8192,33.8238,36.3697,57.7592,140.9325,7.9713,70.4662,112.746,17027117.5,2043254100.0,SMA
Tenayan Raya,16,3,2028-07-01,913,650512.5,200.1577,31.2246,33.5748,53.3207,130.1025,7.3587,65.0512,104.082,15718662.0,1886239440.0,SMA
Tenayan Raya,17,4,2028-01-01,985,701812.5,215.9423,33.687,36.2226,57.5256,140.3625,7.9391,70.1812,112.29,16958252.6,2034990312.0000002,SMA
Tenayan Raya,18,5,2029-07-01,980,698250.0,214.8462,33.516,36.0387,57.2336,139.65,7.8988,69.825,111.72,16872172.0,2024660640.0,SMA
Tenayan Raya,19,6,2029-01-01,1010,719625.0,221.4231,34.542,37.1419,58.9857,143.925,8.1406,71.9625,115.14,17388667.0,2086640040.0,SMA
Tuahmadani,14,1,2027-07-01,1998,1423575.0,438.0231,68.3316,73.4748,116.6865,284.715,16.1038,142.3575,227.772,34398568.8,4127828255.9999995,SMA
Tuahmadani,15,2,2027-01-01,1962,1397925.0,430.1308,67.1004,72.151,114.584,279.585,15.8136,139.7925,223.668,33778775.3,4053453035.9999995,SMA
Tuahmadani,16,3,2028-07-01,1903,1355887.5,417.1962,65.0826,69.9813,111.1383,271.1775,15.3381,135.5888,216.942,32763003.7,3931560444.0,SMA
Tuahmadani,17,4,2028-01-01,1882,1340925.0,412.5923,64.3644,69.209,109.9119,268.185,15.1688,134.0925,214.548,32401453.4,3888174408.0,SMA
Tuahmadani,18,5,2029-07-01,1865,1328812.5,408.8654,63.783,68.5839,108.9191,265.7625,15.0318,132.8812,212.61,32108774.099999998,3853052891.9999995,SMA
Tuahmadani,19,6,2029-01-01,1857,1323112.5,407.1115,63.5094,68.2897,108.4518,264.6225,14.9673,132.3112,211.698,31971039.0,3836524680.0,SMA
Binawidya,14,1,2027-07-01,4446,3167775.0,974.7,152.0532,163.4981,259.6537,633.555,35.8346,316.7775,506.844,76544565.1,9185347812.0,SMK
Binawidya,15,2,2027-01-01,4375,3117187.5,959.1346,149.625,160.8871,255.5072,623.4375,35.2623,311.7188,498.75,75322193.69999999,9038663243.999998,SMK
Binawidya,16,3,2028-07-01,4319,3077287.5,946.8577,147.7098,158.8277,252.2367,615.4575,34.8109,307.7288,492.366,74358067.80000001,8922968136.000002,SMK
Binawidya,17,4,2028-01-01,4264,3038100.0,934.8,145.8288,156.8052,249.0246,607.62,34.3676,303.81,486.096,73411160.4,8809339248.0,SMK
Binawidya,18,5,2029-07-01,4215,3003187.5,924.0577,144.153,155.0032,246.1629,600.6375,33.9727,300.3188,480.51,72567552.2,8708106264.0,SMK
Binawidya,19,6,2029-01-01,4171,2971837.5,914.4115,142.6482,153.3852,243.5932,594.3675,33.6181,297.1837,475.494,71810023.9,8617202868.0,SMK
Bukit Raya,14,1,2027-07-01,1405,1001062.5,308.0192,48.051,51.6677,82.0543,200.2125,11.3242,100.1062,160.17,24189179.7,2902701564.0,SMK
Bukit Raya,15,2,2027-01-01,1380,983250.0,302.5385,47.196,50.7484,80.5943,196.65,11.1227,98.325,157.32,23758772.299999997,2851052675.9999995,SMK
Bukit Raya,16,3,2028-07-01,1360,969000.0,298.1538,46.512,50.0129,79.4262,193.8,10.9615,96.9,155.04,23414439.2,2809732704.0,SMK
Bukit Raya,17,4,2028-01-01,1339,954037.5,293.55,45.7938,49.2406,78.1998,190.8075,10.7923,95.4038,152.646,23052895.700000003,2766347484.0000005,SMK
Bukit Raya,18,5,2029-07-01,1320,940500.0,289.3846,45.144,48.5419,77.0902,188.1,10.6391,94.05,150.48,22725780.0,2727093600.0,SMK
Bukit Raya,19,6,2029-01-01,1304,929100.0,285.8769,44.5968,47.9535,76.1557,185.82,10.5102,92.91,148.656,22450315.1,2694037812.0,SMK
Lima Puluh,14,1,2027-07-01,0,0.0,0.0,0.0,0.0,0.0,0.0,0.0,0.0,0.0,0.0,0.0,SMK
Lima Puluh,15,2,2027-01-01,0,0.0,0.0,0.0,0.0,0.0,0.0,0.0,0.0,0.0,0.0,0.0,SMK
Lima Puluh,16,3,2028-07-01,0,0.0,0.0,0.0,0.0,0.0,0.0,0.0,0.0,0.0,0.0,0.0,SMK
Lima Puluh,17,4,2028-01-01,0,0.0,0.0,0.0,0.0,0.0,0.0,0.0,0.0,0.0,0.0,0.0,SMK
Lima Puluh,18,5,2029-07-01,0,0.0,0.0,0.0,0.0,0.0,0.0,0.0,0.0,0.0,0.0,0.0,SMK
Lima Puluh,19,6,2029-01-01,0,0.0,0.0,0.0,0.0,0.0,0.0,0.0,0.0,0.0,0.0,0.0,SMK
Marpoyan Damai,14,1,2027-07-01,3136,2234400.0,687.5077,107.2512,115.3239,183.1475,446.88,25.276,223.44,357.504,53990946.7,6478913604.0,SMK
Marpoyan Damai,15,2,2027-01-01,3244,2311350.0,711.1846,110.9448,119.2955,189.4549,462.27,26.1465,231.135,369.816,55850329.0,6702039480.0,SMK
Marpoyan Damai,16,3,2028-07-01,3364,2396850.0,737.4923,115.0488,123.7084,196.4631,479.37,27.1137,239.685,383.496,57916309.300000004,6949957116.000001,SMK
Marpoyan Damai,17,4,2028-01-01,3468,2470950.0,760.2923,118.6056,127.5329,202.5369,494.19,27.9519,247.095,395.352,59706824.900000006,7164818988.000001,SMK
Marpoyan Damai,18,5,2029-07-01,3568,2542200.0,782.2154,122.0256,131.2103,208.377,508.44,28.7579,254.22,406.752,61428473.6,7371416832.0,SMK
Marpoyan Damai,19,6,2029-01-01,3661,2608462.5,802.6038,125.2062,134.6303,213.8084,521.6925,29.5075,260.8462,417.354,63029606.9,7563552828.0,SMK
Payung Sekaki,14,1,2027-07-01,340,242250.0,74.5385,11.628,12.5032,19.8566,48.45,2.7404,24.225,38.76,5853611.300000001,702433356.0000001,SMK
Payung Sekaki,15,2,2027-01-01,332,236550.0,72.7846,11.3544,12.209,19.3893,47.31,2.6759,23.655,37.848,5715876.2,685905144.0,SMK
Payung Sekaki,16,3,2028-07-01,316,225150.0,69.2769,10.8072,11.6206,18.4549,45.03,2.5469,22.515,36.024,5440411.5,652849380.0,SMK
Payung Sekaki,17,4,2028-01-01,309,220162.5,67.7423,10.5678,11.3632,18.0461,44.0325,2.4905,22.0162,35.226,5319895.6,638387472.0,SMK
Payung Sekaki,18,5,2029-07-01,301,214462.5,65.9885,10.2942,11.069,17.5789,42.8925,2.426,21.4462,34.314,5182164.0,621859680.0,SMK
Payung Sekaki,19,6,2029-01-01,297,211612.5,65.1115,10.1574,10.9219,17.3453,42.3225,2.3938,21.1612,33.858,5113297.6,613595712.0,SMK
Rumbai,14,1,2027-07-01,545,388312.5,119.4808,18.639,20.0419,31.8289,77.6625,4.3927,38.8312,62.13,9382991.3,1125958956.0,SMK
Rumbai,15,2,2027-01-01,531,378337.5,116.4115,18.1602,19.5271,31.0113,75.6675,4.2798,37.8338,60.534,9141963.2,1097035584.0,SMK
Rumbai,16,3,2028-07-01,518,369075.0,113.5615,17.7156,19.049,30.252,73.815,4.1751,36.9075,59.052,8918145.8,1070177496.0000001,SMK
Rumbai,17,4,2028-01-01,511,364087.5,112.0269,17.4762,18.7916,29.8432,72.8175,4.1186,36.4088,58.254,8797631.6,1055715792.0,SMK
Rumbai,18,5,2029-07-01,506,360525.0,110.9308,17.3052,18.6077,29.5512,72.105,4.0783,36.0525,57.684,8711547.5,1045385700.0,SMK
Rumbai,19,6,2029-01-01,503,358387.5,110.2731,17.2026,18.4974,29.376,71.6775,4.0542,35.8388,57.342,8659901.8,1039188216.0000001,SMK
Rumbai Timur,14,1,2027-07-01,65,46312.5,14.25,2.223,2.3903,3.7961,9.2625,0.5239,4.6312,7.41,1119070.1,134288412.0,SMK
Rumbai Timur,15,2,2027-01-01,83,59137.5,18.1962,2.8386,3.0523,4.8473,11.8275,0.669,5.9138,9.462,1428972.9,171476748.0,SMK
Rumbai Timur,16,3,2028-07-01,107,76237.5,23.4577,3.6594,3.9348,6.249,15.2475,0.8624,7.6238,12.198,1842166.5999999999,221059991.99999997,SMK
Rumbai Timur,17,4,2028-01-01,120,85500.0,26.3077,4.104,4.4129,7.0082,17.1,0.9672,8.55,13.68,2065980.3,247917636.0,SMK
Rumbai Timur,18,5,2029-07-01,132,94050.0,28.9385,4.5144,4.8542,7.709,18.81,1.0639,9.405,15.048,2272578.3,272709396.0,SMK
Rumbai Timur,19,6,2029-01-01,139,99037.5,30.4731,4.7538,5.1116,8.1178,19.8075,1.1203,9.9038,15.846,2393094.2,287171304.0,SMK
Sail,14,1,2027-07-01,462,329175.0,101.2846,15.8004,16.9897,26.9816,65.835,3.7237,32.9175,52.668,7954024.699999999,954482963.9999999,SMK
Sail,15,2,2027-01-01,472,336300.0,103.4769,16.1424,17.3574,27.5656,67.26,3.8043,33.63,53.808,8126188.100000001,975142572.0000001,SMK
Sail,16,3,2028-07-01,490,349125.0,107.4231,16.758,18.0194,28.6168,69.825,3.9494,34.9125,55.86,8436087.4,1012330488.0,SMK
Sail,17,4,2028-01-01,498,354825.0,109.1769,17.0316,18.3135,29.084,70.965,4.0139,35.4825,56.772,8573816.2,1028857943.9999999,SMK
Sail,18,5,2029-07-01,506,360525.0,110.9308,17.3052,18.6077,29.5512,72.105,4.0783,36.0525,57.684,8711547.5,1045385700.0,SMK
Sail,19,6,2029-01-01,511,364087.5,112.0269,17.4762,18.7916,29.8432,72.8175,4.1186,36.4088,58.254,8797631.6,1055715792.0,SMK
Senapelan,14,1,2027-07-01,956,681150.0,209.5846,32.6952,35.1561,55.832,136.23,7.7053,68.115,108.984,16458974.200000001,1975076904.0000002,SMK
Senapelan,15,2,2027-01-01,968,689700.0,212.2154,33.1056,35.5974,56.5328,137.94,7.802,68.97,110.352,16665572.2,1999868664.0,SMK
Senapelan,16,3,2028-07-01,985,701812.5,215.9423,33.687,36.2226,57.5256,140.3625,7.9391,70.1812,112.29,16958252.6,2034990312.0000002,SMK
Senapelan,17,4,2028-01-01,1001,713212.5,219.45,34.2342,36.811,58.46,142.6425,8.068,71.3213,114.114,17233719.0,2068046280.0,SMK
Senapelan,18,5,2029-07-01,1018,725325.0,223.1769,34.8156,37.4361,59.4529,145.065,8.205,72.5325,116.052,17526396.8,2103167616.0,SMK
Senapelan,19,6,2029-01-01,1036,738150.0,227.1231,35.4312,38.0981,60.5041,147.63,8.3501,73.815,118.104,17836296.1,2140355532.0000002,SMK
Sukajadi,14,1,2027-07-01,1045,744562.5,229.0962,35.739,38.429,61.0297,148.9125,8.4227,74.4562,119.13,17991242.1,2158949052.0,SMK
Sukajadi,15,2,2027-01-01,1054,750975.0,231.0692,36.0468,38.76,61.5553,150.195,8.4952,75.0975,120.156,18146191.1,2177542932.0,SMK
Sukajadi,16,3,2028-07-01,1092,778050.0,239.4,37.3464,40.1574,63.7746,155.61,8.8015,77.805,124.488,18800419.2,2256050304.0,SMK
Sukajadi,17,4,2028-01-01,1096,780900.0,240.2769,37.4832,40.3045,64.0082,156.18,8.8337,78.09,124.944,18869284.1,2264314092.0,SMK
Sukajadi,18,5,2029-07-01,1102,785175.0,241.5923,37.6884,40.5252,64.3586,157.035,8.8821,78.5175,125.628,18972585.4,2276710248.0,SMK
Sukajadi,19,6,2029-01-01,1103,785887.5,241.8115,37.7226,40.5619,64.417,157.1775,8.8901,78.5888,125.742,18989800.0,2278776000.0,SMK
Tenayan Raya,14,1,2027-07-01,1371,976837.5,300.5654,46.8882,50.4174,80.0686,195.3675,11.0502,97.6838,156.294,23603823.299999997,2832458795.9999995,SMK
Tenayan Raya,15,2,2027-01-01,1460,1040250.0,320.0769,49.932,53.6903,85.2664,208.05,11.7675,104.025,166.44,25136089.9,3016330788.0,SMK
Tenayan Raya,16,3,2028-07-01,1563,1113637.5,342.6577,53.4546,57.4781,91.2818,222.7275,12.5977,111.3638,178.182,26909394.400000002,3229127328.0000005,SMK
Tenayan Raya,17,4,2028-01-01,1657,1180612.5,363.2654,56.6694,60.9348,96.7715,236.1225,13.3553,118.0612,188.898,28527738.299999997,3423328595.9999995,SMK
Tenayan Raya,18,5,2029-07-01,1747,1244737.5,382.9962,59.7474,64.2445,102.0277,248.9475,14.0807,124.4738,199.158,30077229.1,3609267492.0,SMK
Tenayan Raya,19,6,2029-01-01,1842,1312425.0,403.8231,62.9964,67.7381,107.5758,262.485,14.8464,131.2425,209.988,31712795.0,3805535400.0,SMK
Tuahmadani,14,1,2027-07-01,2767,1971487.5,606.6115,94.6314,101.7542,161.5973,394.2975,22.3019,197.1488,315.438,47638058.8,5716567056.0,SMK
Tuahmadani,15,2,2027-01-01,3015,2148187.5,660.9808,103.113,110.8742,176.0809,429.6375,24.3008,214.8188,343.71,51907752.5,6228930300.0,SMK
Tuahmadani,16,3,2028-07-01,3315,2361937.5,726.75,113.373,121.9065,193.6014,472.3875,26.7188,236.1938,377.91,57072703.9,6848724468.0,SMK
Tuahmadani,17,4,2028-01-01,3600,2565000.0,789.2308,123.12,132.3871,210.2459,513.0,29.0158,256.5,410.4,61979403.199999996,7437528383.999999,SMK
Tuahmadani,18,5,2029-07-01,3872,2758800.0,848.8615,132.4224,142.3897,226.1311,551.76,31.2081,275.88,441.408,66662289.9,7999474788.0,SMK
Tuahmadani,19,6,2029-01-01,4126,2939775.0,904.5462,141.1092,151.7303,240.9652,587.955,33.2554,293.9775,470.364,71035284.1,8524234091.999999,SMK
Binawidya,14,1,2027-07-01,84,41580.0,12.7938,1.9958,2.1461,3.4082,8.316,0.4704,4.158,6.6528,1004715.0,120565800.0,SLB
Binawidya,15,2,2027-01-01,82,40590.0,12.4892,1.9483,2.095,3.327,8.118,0.4592,4.059,6.4944,980794.6,117695352.0,SLB
Binawidya,16,3,2028-07-01,80,39600.0,12.1846,1.9008,2.0439,3.2459,7.92,0.448,3.96,6.336,956876.2,114825144.0,SLB
Binawidya,17,4,2028-01-01,79,39105.0,12.0323,1.877,2.0183,3.2053,7.821,0.4424,3.9105,6.2568,944908.6,113389032.0,SLB
Binawidya,18,5,2029-07-01,78,38610.0,11.88,1.8533,1.9928,3.1648,7.722,0.4368,3.861,6.1776,932957.8,111954936.0,SLB
Binawidya,19,6,2029-01-01,77,38115.0,11.7277,1.8295,1.9672,3.1242,7.623,0.4312,3.8115,6.0984,920990.2,110518824.0,SLB
Marpoyan Damai,14,1,2027-07-01,284,140580.0,43.2554,6.7478,7.2557,11.523,28.116,1.5903,14.058,22.4928,3396902.0,407628240.0,SLB
Marpoyan Damai,15,2,2027-01-01,284,140580.0,43.2554,6.7478,7.2557,11.523,28.116,1.5903,14.058,22.4928,3396902.0,407628240.0,SLB
Marpoyan Damai,16,3,2028-07-01,283,140085.0,43.1031,6.7241,7.2302,11.4824,28.017,1.5847,14.0085,22.4136,3384949.2,406193904.0,SLB
Marpoyan Damai,17,4,2028-01-01,283,140085.0,43.1031,6.7241,7.2302,11.4824,28.017,1.5847,14.0085,22.4136,3384949.2,406193904.0,SLB
Marpoyan Damai,18,5,2029-07-01,282,139590.0,42.9508,6.7003,7.2046,11.4418,27.918,1.5791,13.959,22.3344,3372981.5999999996,404757791.99999994,SLB
Marpoyan Damai,19,6,2029-01-01,282,139590.0,42.9508,6.7003,7.2046,11.4418,27.918,1.5791,13.959,22.3344,3372981.5999999996,404757791.99999994,SLB
Payung Sekaki,14,1,2027-07-01,29,14355.0,4.4169,0.689,0.7409,1.1766,2.871,0.1624,1.4355,2.2968,346861.4,41623368.0,SLB
Payung Sekaki,15,2,2027-01-01,29,14355.0,4.4169,0.689,0.7409,1.1766,2.871,0.1624,1.4355,2.2968,346861.4,41623368.0,SLB
Payung Sekaki,16,3,2028-07-01,30,14850.0,4.5692,0.7128,0.7665,1.2172,2.97,0.168,1.485,2.376,358829.0,43059480.0,SLB
Payung Sekaki,17,4,2028-01-01,31,15345.0,4.7215,0.7366,0.792,1.2578,3.069,0.1736,1.5345,2.4552,370793.8,44495256.0,SLB
Payung Sekaki,18,5,2029-07-01,32,15840.0,4.8738,0.7603,0.8175,1.2984,3.168,0.1792,1.584,2.5344,382746.6,45929592.0,SLB
Payung Sekaki,19,6,2029-01-01,33,16335.0,5.0262,0.7841,0.8431,1.3389,3.267,0.1848,1.6335,2.6136,394713.7,47365644.0,SLB
Rumbai,14,1,2027-07-01,106,52470.0,16.1446,2.5186,2.7081,4.3008,10.494,0.5936,5.247,8.3952,1267863.6,152143632.0,SLB
Rumbai,15,2,2027-01-01,105,51975.0,15.9923,2.4948,2.6826,4.2602,10.395,0.588,5.1975,8.316,1255898.8,150707856.0,SLB
Rumbai,16,3,2028-07-01,103,50985.0,15.6877,2.4473,2.6315,4.1791,10.197,0.5768,5.0985,8.1576,1231980.4,147837648.0,SLB
Rumbai,17,4,2028-01-01,101,49995.0,15.3831,2.3998,2.5804,4.098,9.999,0.5656,4.9995,7.9992,1208062.0,144967440.0,SLB
Rumbai,18,5,2029-07-01,100,49500.0,15.2308,2.376,2.5548,4.0574,9.9,0.56,4.95,7.92,1196094.4,143531328.0,SLB
Rumbai,19,6,2029-01-01,98,48510.0,14.9262,2.3285,2.5037,3.9762,9.702,0.5488,4.851,7.7616,1172174.0,140660880.0,SLB
Rumbai Timur,14,1,2027-07-01,110,54450.0,16.7538,2.6136,2.8103,4.4631,10.89,0.616,5.445,8.712,1315702.4,157884288.0,SLB
Rumbai Timur,15,2,2027-01-01,111,54945.0,16.9062,2.6374,2.8359,4.5037,10.989,0.6215,5.4945,8.7912,1327669.7,159320364.0,SLB
Rumbai Timur,16,3,2028-07-01,112,55440.0,17.0585,2.6611,2.8614,4.5443,11.088,0.6271,5.544,8.8704,1339622.5,160754700.0,SLB
Rumbai Timur,17,4,2028-01-01,113,55935.0,17.2108,2.6849,2.887,4.5848,11.187,0.6327,5.5935,8.9496,1351588.1,162190572.0,SLB
Rumbai Timur,18,5,2029-07-01,114,56430.0,17.3631,2.7086,2.9125,4.6254,11.286,0.6383,5.643,9.0288,1363540.9,163624908.0,SLB
Rumbai Timur,19,6,2029-01-01,115,56925.0,17.5154,2.7324,2.9381,4.666,11.385,0.6439,5.6925,9.108,1375508.5,165061020.0,SLB
Sail,14,1,2027-07-01,101,49995.0,15.3831,2.3998,2.5804,4.098,9.999,0.5656,4.9995,7.9992,1208062.0,144967440.0,SLB
Sail,15,2,2027-01-01,101,49995.0,15.3831,2.3998,2.5804,4.098,9.999,0.5656,4.9995,7.9992,1208062.0,144967440.0,SLB
Sail,16,3,2028-07-01,101,49995.0,15.3831,2.3998,2.5804,4.098,9.999,0.5656,4.9995,7.9992,1208062.0,144967440.0,SLB
Sail,17,4,2028-01-01,101,49995.0,15.3831,2.3998,2.5804,4.098,9.999,0.5656,4.9995,7.9992,1208062.0,144967440.0,SLB
Sail,18,5,2029-07-01,101,49995.0,15.3831,2.3998,2.5804,4.098,9.999,0.5656,4.9995,7.9992,1208062.0,144967440.0,SLB
Sail,19,6,2029-01-01,101,49995.0,15.3831,2.3998,2.5804,4.098,9.999,0.5656,4.9995,7.9992,1208062.0,144967440.0,SLB
Sukajadi,14,1,2027-07-01,32,15840.0,4.8738,0.7603,0.8175,1.2984,3.168,0.1792,1.584,2.5344,382746.6,45929592.0,SLB
Sukajadi,15,2,2027-01-01,32,15840.0,4.8738,0.7603,0.8175,1.2984,3.168,0.1792,1.584,2.5344,382746.6,45929592.0,SLB
Sukajadi,16,3,2028-07-01,32,15840.0,4.8738,0.7603,0.8175,1.2984,3.168,0.1792,1.584,2.5344,382746.6,45929592.0,SLB
Sukajadi,17,4,2028-01-01,32,15840.0,4.8738,0.7603,0.8175,1.2984,3.168,0.1792,1.584,2.5344,382746.6,45929592.0,SLB
Sukajadi,18,5,2029-07-01,32,15840.0,4.8738,0.7603,0.8175,1.2984,3.168,0.1792,1.584,2.5344,382746.6,45929592.0,SLB
Sukajadi,19,6,2029-01-01,32,15840.0,4.8738,0.7603,0.8175,1.2984,3.168,0.1792,1.584,2.5344,382746.6,45929592.0,SLB
Tenayan Raya,14,1,2027-07-01,327,161865.0,49.8046,7.7695,8.3543,13.2676,32.373,1.8311,16.1865,25.8984,3911223.6999999997,469346843.99999994,SLB
Tenayan Raya,15,2,2027-01-01,326,161370.0,49.6523,7.7458,8.3288,13.227,32.274,1.8255,16.137,25.8192,3899270.9,467912508.0,SLB
Tenayan Raya,16,3,2028-07-01,322,159390.0,49.0431,7.6507,8.2266,13.0648,31.878,1.8031,15.939,25.5024,3851422.0999999996,462170651.99999994,SLB
Tenayan Raya,17,4,2028-01-01,321,158895.0,48.8908,7.627,8.201,13.0242,31.779,1.7975,15.8895,25.4232,3839466.5,460735980.0,SLB
Tenayan Raya,18,5,2029-07-01,320,158400.0,48.7385,7.6032,8.1755,12.9836,31.68,1.7919,15.84,25.344,3827501.7,459300204.0,SLB
Tenayan Raya,19,6,2029-01-01,319,157905.0,48.5862,7.5794,8.1499,12.943,31.581,1.7863,15.7905,25.2648,3815534.1,457864092.0,SLB
Tuahmadani,14,1,2027-07-01,123,60885.0,18.7338,2.9225,3.1425,4.9906,12.177,0.6887,6.0885,9.7416,1471198.1,176543772.0,SLB
Tuahmadani,15,2,2027-01-01,128,63360.0,19.4954,3.0413,3.2702,5.1934,12.672,0.7167,6.336,10.1376,1531001.2,183720144.0,SLB
Tuahmadani,16,3,2028-07-01,137,67815.0,20.8662,3.2551,3.5001,5.5586,13.563,0.7671,6.7815,10.8504,1638645.1,196637412.0,SLB
Tuahmadani,17,4,2028-01-01,145,71775.0,22.0846,3.4452,3.7045,5.8832,14.355,0.8119,7.1775,11.484,1734334.7,208120164.0,SLB
Tuahmadani,18,5,2029-07-01,154,76230.0,23.4554,3.659,3.9345,6.2484,15.246,0.8623,7.623,12.1968,1841981.4,221037768.0,SLB
Tuahmadani,19,6,2029-01-01,162,80190.0,24.6738,3.8491,4.1388,6.573,16.038,0.9071,8.019,12.8304,1937668.2,232520184.0,SLB
